42C0AB71,PAKM
42DBFEF6,SWS
42F4C8D1,ACIIDS
4366C780,ICGI
43742018,CTIC
44815780,WSC
44ADC5A3,ADMI
44C9D190,CONIELECOMP
44F7644F,ISA
4527A09C,ISMM
45C7E457,DRCN
45D14EDE,UbiComp
46926BFF,CASCON
46A3F844,AI
46F865B7,HAIS
473581E8,ECCE
4761B00F,NSPW
856D618D,ACC
42C7B402,WSDM
42C99491,FPS
42F73407,FSTTCS
4326CCD6,ESANN
4372B502,ICMI
43A23F32,SECON
43A585B4,ISPDC
43B946B8,SOUPS
442E19D7,RANLP
451916EF,FCST
4523D0A5,ICONS
452F7228,IIR
453637D6,CGAMES
45673081,COMSNETS
45D9718E,VaMoS
45F914AD,NAACL
4606A0B0,CDVE
46081467,ICON
4692A0B1,EC-Web
46F6F355,CBSE
4726E440,EDM
473A22D9,ICPE
473F3BB1,RFID-TA
474677D8,PARCO
47568F35,TCoB
479D4D98,CP
42D8A0F3,AIMSA
432251B5,ICME
43254BF9,ELPUB
43A193B2,CLUSTER
44ACBCB7,ACML
44C93DEC,ESA
44CCC1CE,AMFG
450F627A,ONDM
454CC982,W2GIS
45700DCB,P2P
45FC642E,KSE
4607C954,EC
461982D8,SAMOS
461F33EF,SEW
465D12F0,PPDP
46AD78C1,DCC
471CBCFD,WORKS
4738187E,CIBB
476F3906,CCS
477202E3,BMVC
47B5E94A,A-MOST
47CA3817,Petri Nets
430122E0,PADL
433DE719,ICES
43B85068,CSCL
43C1EF66,ICPADS
43E30231,UDM
43E84C32,APLAS
44421CD5,WebMedia
446AAA55,BIRD
448D1E7E,ICDAR
449397C9,ISMIS
44B2697D,SARA
44B92818,PKAW
44BF6A26,ICWL
44CF28DC,SIGMAP
451D2615,ESEM
45230F0A,PST
4562CB61,AccessNets
4579FB5B,ITC
45A12B87,Stringology
45EB6430,LPNMR
4634306E,ADHOC-NOW
46AC2C9A,IFM
4752F5A1,NBiS
47650C33,BROADNETS
85BB5EB3,Mediacom
432DA9EE,DaMoN
432DDB7E,ETS
43A98FDA,SOSE
43CD4E8A,TCC
43CDABDA,SAS
4482B3A4,DIM
44D822DB,WISM
44DF880B,MVA
453E185C,WPMC
4542770D,SSIRI
459777C0,APSCC
45B176DF,JCDL
45C4ABE0,AISB
4608C574,ECMFA
46228D40,FMICS
46598FE3,NDSS
465F7C62,ICML
46CB61B2,RSP
46DA1590,MAICS
46E27806,ECSQARU
4783E335,SACI
47880EBE,ICSEA
478BCB40,IWDW
47C35ECC,ICMCS
433B9B9F,ARSO
440CCBEB,IEEM
442E5188,INTENSIVE
445372B4,ICTA
4472F8CF,INFOVIS
447A7E77,BIS
44AC2FEE,ICMAI
44AE44DD,CGI
450B99F2,ANSS
451BB32E,NOCS
453CB501,ICVS
4569270C,HICSS
45E8D393,ICDCN
460FDA1C,CATS
4627B282,MDAI
463119A6,COLT
464DFFCB,SCSC
468CDFB4,PSB
46FBFB42,MRC
470659EF,ISCSLP
47091364,GMAI
4786A6E3,ILP
42CC6E2D,CI
437413E1,CyberC
43C176E6,COMSWARE
43E6F40C,eHealth
44305079,SSBSE
44506119,GeNeMe
4455FCF9,CSWWS
446908FE,CoopIS
44E12FD1,ISWC
44EA5E08,BIBM
4542027C,EC-TEL
455A416B,EDCC
45F964A3,MobiQuitous
460A7036,SIGMOD
462EC289,IMIS
464A90B0,SMPS
465DBAD1,VMCAI
465F0C00,ICCM
46BC0EDE,ICWE
46C3B28B,SBBD
46FFF74D,ICWUS
4737FD14,ISPA
474BD8D0,PDPTA
477DF6EB,SLATE
47831A49,ISER
478ED67F,RV
47B967AF,DCAI
42CB1F93,ICMLC
42D493FC,ICASSP
43226B44,HPCA
4381C1AF,IFL
438B4414,DLS
439BCE5E,RecSys
44376BCB,EMMCVPR
44902F2C,ITHET
44AB61E1,RTCSA
44C1E1C1,EUROSEC
45E5BC3F,CIS
45FFFB88,ICSE
4668332C,BSN
46E8C2CD,VECPAR
46F3B6B4,TARK
4734B6A1,WILF
47490CF4,CTS
47870042,MIG
85CC4F4F,MINES
4304EC96,SETN
436150FA,ICC
43626F75,IVCNZ
437068C2,CIbSE
4372AEEF,SIGMETRICS
43E59455,HPCNCS
443CF3D6,SpringSim
44788D44,IDEAL
448ECA1D,FOCS
44E947F7,IHCI
45BA2C87,PDCAT
45E3CA1B,ICB
46469614,FDG
4686A887,ISSCC
4687CD2F,PECCS
46E903B1,CICC
46EE8E44,ACC
46FFDB2C,AMAST
4704764E,FPL
4769E092,RAID
477F6C83,FSE
4300B64E,Afrigraph
4307E237,WOSIS
437D615C,ICICIC
439F03CF,PACT
441886A1,TbiLLC
44DA004E,KR
44EBC01F,DATA
451090C0,IWRT
4515502B,ICPC
454ED2F8,ICFP
45610CDA,ICDE
45827814,NPC
45A2253F,VizSEC
45CC63B2,ICMT
462D0C46,ITP
46493DFD,ICSI
46EC7D07,DOLAP
4714E463,SOCA
471F9CDC,WebDB
47253C12,IIiX
472FC0F1,CSLP
476E7EAC,ISTA
478CDBCA,TAMC
47CCD291,GIR
42C200E4,ICCPOL
42D8D442,NFM
43001016,ECCV
433D5EC6,SEFM
435480C3,FMOODS
436649AA,NCM
43692916,WPES
4389053B,HIPS
43ABF249,WWW
43D3179F,FoIKS
4431E39D,SoMeT
4432E3F1,BWCCA
4509AF66,ICMENS
45126447,ICANN
4513F0F9,DPPI
451E8992,ECBS
454F686A,ECAI
4564558E,WADT
45C7663C,SMC
46723E5B,WWIC
46819766,QSIC
46D5969B,ESIAT
4751F232,SocialCom
478757A6,CEC
4791FE57,WASPAA
42D7146F,MICAI
4304526C,CMSB
433E69C4,SAFECOMP
43486AA0,RR
43510C43,ICISS
43BF9DCC,OPODIS
43D2A5F0,ICCS
440E04A9,PKDD
4441FD71,IALP
446BF184,ADCS
44B7C5DA,AINTEC
44D072F0,ICNS
45000EEB,MOBIWAC
4516158A,AsiaSim
454AACD8,MSR
454B8FEC,MOMPES
45687161,Performance
457D1A50,ICWN
45C5F84D,LCC
4638832E,HRPR
46B8FFD4,ADC
46DAFD1F,PRDC
46F1CA07,PRIS
470372BF,BIOTECHNO
42CD4D27,ICA3PP
42E510A7,WISA
4330BC8E,eTELEMED
43520CB2,EvoBIO
43C4880A,WAW
43CBB3AE,DDECS
43F6459B,EUROCRYPT
448DC0E0,ICCCI
4565989B,ICIW
45C15042,ISSPIT
45CE5B32,AAIM
4650D7A9,MVHI
46528AF2,IWOMP
46619AC5,NEW2AN
46BD07AF,DICTA
46C18BBB,CDS
46CD3D2A,WOCN
46E5B931,CoLIS
46FD5AEB,ISSAC
475A7738,ARITH
4775BF7A,MSN
47AF2B68,DFMA
47C2A24C,AMiRE
47CCD465,UAI
42DC17E4,DIGITEL
42E17B30,ISI
434C54FB,HRI
43618307,ATVA
4377364B,EJC
43940F97,CSR
4423838D,RC
443CBAC4,PRIMA
446A1297,DMSN
44955A9A,ICSOB
44C615EB,ICHL
44EABA80,GMP
44EC54CE,AMDO
45083D2F,CVPR
451C4D3D,ALENEX
45210AF1,MACE
4530EE52,GIScience
45465CC4,CC
45701BF3,ICCV
4574D9D2,ICDT
459868E4,PDC
45F475CA,IWCF
4616A0E2,IICAI
461DDC0A,SACMAT
46556D49,ESWC
46804BBA,ETX
4693D390,IPCO
46BFF4BF,ICCD
46C53898,AINA
46D6E0D7,ECIW
47059E35,MoDELS
47169EC5,DEXA
4727BEE5,PPSN
474799EB,IA
476C3638,EATIS
47957C42,ICAART
43073C3F,CPAIOR
430EDF97,ECDL
4321CC25,CICLing
4364C619,MWCN
43B71DE0,ICPS
43CB8BB1,FLOPS
44250E28,IROS
4439F68B,ICCPS
44699282,BIRTE
44EACB63,SIGDOC
45276E0A,ACNS
45483BED,IWANN
455C7238,MFCS
45686500,ICNSC
457D471C,i3D
459EF883,ATS
45A24601,IRCDL
45AB6F7C,IOT
45C742AD,RoboCup
45CEA1A5,DAARC
45FF4DDC,WOCC
46173BF7,VCIP
46A6CA97,NEMS
46CFE76B,ICSOFT
4733F622,KEOD
4756C1ED,ICCVG
4771A36B,AIIDE
478178C8,MIRAGE
4789F291,ICDCS
42F0CC9A,SOCO
42F14778,MobiDE
438E31AA,LCN
43F3068F,GECCO
43FD0CAC,ICCL
442BF739,ATC
446AF0D7,ICN
4472203F,EKAW
450EFBB0,DUX
45443D53,PROFES
455477A7,ICIP
45876312,K-CAP
45D416DF,ISDA
45D6911A,ACII
461A4BFF,MIE
4624E2A3,IWSOS
463369F3,NGI
46438945,BMEI
468A7487,ICDM
468D8535,ESORICS
469407EC,ADMA
46A05BB0,AAAI
46A60087,SYNASC
46FBD884,STOC
473A73C9,IGARSS
4749C184,SLT
47A1D52F,MMSP
43137C5C,AVSS
43383ED6,AIME
433F0094,WISE
4352FEBB,SYRCoDIS
4367C1B4,IPMI
4371D954,IWCMC
4372EE76,ICPR
43758D9B,FOIS
43820346,EDBT
43ADADD6,TRUST
4400C9EC,MMM-ACNS
443790FE,AIRWeb
44534090,WMUTE
44ABBB5D,QoMEX
4520AE55,ISR
455734FB,ICUMT
45B4AB31,WiOpt
45B9D64F,FM
45C8CEE9,PRO-VE
45DB01B0,SCIA
463966B8,LA-WEB
46C042B6,STAIRS
46EF4FF9,VRST
46F80578,SiPS
46FBD930,RTAS
471D649B,ALT
47366FA8,FICS
474FB019,ICGSE
47CAE638,ACAL
432BB4B8,CoNEXT
4351B9E8,RAM
436B17F2,CiE
438B9955,CCIW
440ED19A,ICALP
44679532,SETP
44B35AAB,ICARIS
44BF398F,HiPC
4503201D,ISSRE
458D25A3,DEON
458F31C4,ITiCSE
45A0F122,LOPSTR
45B09F25,ICWMC
45B7D2EB,COLING
45D2A0CB,WBIR
45E2ADDB,ROBIO
461171C2,WIDM
461B085B,ISPASS
46202E57,ER
46789D3E,DSS
474EAFD5,ISADS
42E401CE,PSD
4304F3D4,WONS
43520230,CSCWD
436976F3,KDD
43A4149C,CHASE
43A56762,NOSSDAV
43B93A74,GRAPP
43E7F2AC,ICIAP
4404AE79,COORDINATION
4411E2EF,ADNTIIC
4421681B,PoEM
442F700A,SoCG
4480577C,WHPCF
44C0EC29,ICTAI
44C8BF02,SUTC
44E1CC91,MOBILIGHT
44F01D7B,CLEF
44F29802,WEBIST
450EACAF,ICSOC
451FA97C,EUC
452ACCB8,IM
457D53D9,WG
458BF182,ROBOCOMM
45B0FD09,COSIT
45BF6EA0,ICCE
460C1940,Humanoids
46463F24,SEUS
46AF9D29,FroCoS
470B5A7A,GD
470EFF91,VEE
4726B6D2,MobiMedia
474D9BDC,HOST
476A3C20,MKM
862CBF4A,MIDI
42C509C4,RTA
436D51D0,ICDIM
43886E5D,SCAI
441038DB,PASTE
44175CFB,TSD
441D80FD,ADS
4479ED89,IPTPS
44ABD1BA,WoWMoM
44ADC1F4,BPM
44E1A46F,CIG
450560B3,APGV
450B3A86,NSDI
453E289B,WiMob
4558D729,CHI
45835902,CBMS
4619EDE8,INDOCRYPT
462AACB5,EMEIT
462BF9E1,INTERSPEECH
4647C10B,ECAL
4694B652,PODS
46F3F722,NIME
46F73898,SIMULTECH
472D3001,FLAIRS
47784D0E,BIOINFORMATICS
478641DF,GCB
4799F7D8,CTW
479E6080,CIDR
47A132CF,AIS
47AF8B65,ECCB
42FA5DCE,ISESS
430F1CC9,ICFCA
433321A4,NETGAMES
4333BBB9,AISM
43819A5A,RSKT
43AA5802,MM
43F65246,ICIS
43FB6CAE,MKWI
451788DE,CloudCom
4531DEA3,CRV
455FBCE1,ICRA
45737C92,ICIRA
4573EEB1,CORES
45A86DF6,ICCBR
45D7DDA8,ICISC
45F99B30,SG
46CFCF2A,WOC
4756756D,DICTAP
4764A635,INAP
47C39427,IJCAI
42CCF5DE,ISLPED
4306EF42,RTSS
436E482B,SBCCI
439E92D8,DAIS
43AFA617,MEDES
43F1D62E,CLIN
43FA7FA8,PRIB
44236CB3,SLIP
4457BAFF,FoSSaCS
449D545A,ICAC
44D3E57F,ASAP
44E6CA1F,ARCS
45577A03,ICAPS
45B8879C,CARS
45C028EA,IUI
45C4CD5D,SERA
45E52D8B,EEWC
4617B656,CRITIS
46396AE3,MLG
465F3CD9,LID
46AB27D7,SWAP
46AFE0E6,FedCSIS
46C2A057,DSN
46CD56E8,BSB
46E77C12,SITIS
47391705,MATES
475D2B08,DEBS
47B8452D,WISTP
42CCC198,HiPEAC
42D65D01,ADHOCNETS
43123418,CIMCA
43301426,CICSyN
433C9218,SoCC
435B3D98,NaBIC
436D599B,CMC
436F501E,FUN
439550F3,HPTS
439E9A1C,DGCI
43C18390,FPGA
43E3E33C,CLOSER
44195980,ATMOS
4482E21B,ARTCom
44AB0F07,ECCTD
44B38E21,PE-WASUN
44E34C11,KSEM
4516081A,TACAS
451FE2E9,ICMR
455982FB,WINE
455D09BB,BNCOD
457D0954,IDEAS
45AEE573,SCAM
45BA0A3D,ICHIT
464C588C,ETFA
467A131E,TASE
46DE2D44,RECOMB
472B124E,AOSD
478A3950,DBKDA
43247716,HOTI
43555C32,CGO
4372E602,DISC
4373F5A0,LCTES
43CD997E,HEALTHINF
43D23988,ICCCN
4409EED4,VMV
44135ABE,CHINZ
441B582F,QEST
442BD7CD,INFOCOM
44641471,BIONETICS
4475ECD0,WHC
44A2A3CC,BIOSTEC
44B337CB,Infoscale
44B9A6EF,ICCABS
44E5A1B2,ICPP
4503DE86,WIAMIS
45302733,GrC
453C1DA9,SAMT
45503341,PACIIA
45913BE9,AMTA
45A2F31B,ACSD
45C56EDC,DFT
4600D055,ISPEC
46066DC0,NPAR
4626185F,QoSA
463BE6FF,DATE
4677A3BB,MCU
46B686C3,CASA
46F92F3E,WS-FM
47313E98,ASONAM
475AC8A7,ReConFig
47798906,NOLISP
478C2CAA,SECRYPT
47A823DD,ICWS
4339904B,SENSORNETS
43987AC1,AVI
43BD90D3,SWAT
43C81C42,SIPEW
43F7DA87,ICAL
43F8572D,GIS
44985063,Compute
44D6B481,SUM
45277557,ISCC
45933558,FORMATS
459FD6FD,CMMR
45CB2A7D,CAD/Graphics
45F282AE,WAIM
46013AA1,ICYCS
46598106,IWCIA
466431A5,SAINT
46E2E4B1,FSMNLP
472C8CEC,ICISO
4757E64E,GridNets
475F4819,WITS
47797088,DRR
477FB9E7,IPAW
47838997,IRFC
47B28A7C,WISES
42DA9D26,GREC
430E4089,WAOA
4342BD78,ISSA
43650CDF,AGI
4384DEC8,SECURWARE
4385295C,EGOV
438A7779,WISEC
439B8DD1,SBMF
43A3BF50,ICIDS
43E4D7A4,CAR
442743F7,COCOA
451C6EC3,FOGA
4539ED1E,ISNN
45777CD3,AICI
45834231,FMCAD
45D76B94,DIS
4612EACA,ICST
4637EEEA,STACS
469A7426,LATA
46CDFBC4,DAC
4723E433,CSEDU
474DBE69,CISSE
475887BB,ENTER
47BE2D88,Autonomics
42B837D2,CEAS
42EE09CD,CIRA
435D23B8,SODA
438FC436,ICDCIT
4392C40B,APCCAS
4394676A,CLA
43E251D1,MTDT
43E3020F,OWLED
440DEB3E,BIOSIG
4411B4B8,ICAD
44344A0A,IMECS
44CCF851,DAS
44DA6608,RuleML
4549948F,CAV
455F8435,NLG
45B33971,ISSPA
47188EEA,CRiSIS
475B8292,PACCS
4769FF98,LCPC
47A17F8A,C5
47A7A7E0,ISMAR
47C1980F,IISWC
42E6BE19,DSD
430824ED,NDT
43498F7E,SASN
43584039,EGPGV
43CD1EFB,ADBIS
43F41A29,PODC
43FD6777,ISMB
4429EF2C,SEAFOOD
44B660C4,Globe
44F1BEFF,IAAI
45466C92,PPAM
457FF1EE,CASC
45D96940,CANS
460D43CF,CISS
4665AEAE,FSKD
469BDC4B,MobiSys
46C698EA,DocEng
46C92457,ISBI
4708B833,IPDPS
4714F2C6,ICAIS
474585AD,SASO
476B7673,BIOSIGNALS
4782201E,ESSCIRC
42F91B89,MMM
4309C535,ICWSM
437C0B5D,ICINCO
43BF68AF,AIAI
43F539F1,ArtsIT
4429872D,IITA
446DDB98,IbPRIA
452BB0BA,ProvSec
4542EB6A,CCC
45462B39,EMSOFT
4553C258,SMARTGREENS
45828ED1,ISIPTA
45A68B5F,ICDKE
45F841A1,PETS
46294516,OPTICS
462C0072,CSE
4673EE2C,ICECCS
467B3333,PCI
468C0299,ICONIP
46A01C8F,ICUIMC
46A1EA1D,AIMS
46D76472,ISM
47796128,CIBCB
47BBF4CC,WCCI
42E0A8FA,BMSD
42FFB84B,EIT
434A76CE,GLSVLSI
43701CEE,GLOBECOM
43837677,SGP
43D1CF2E,ASP-DAC
443F9CFF,VR
44477544,EuroITV
4492538C,NSS
44B587D1,ISITA
44C78644,IPCCC
454CA326,SSME
456FEF09,LREC
45C0AEF7,ICDSC
45D6D8B6,UCS
45E1EDD6,INCoS
465E9AD0,DARS
46E679A5,APWCS
46F58A2E,MIR
47924BFA,IVAPP
47B86F47,ICDS
42BD758D,CAINE
42DCA4D1,HVC
42F4F2CC,MOBICOM
439E313A,CADE
43C40A80,COCOON
43F44683,APWeb
4401AFCF,IIS
448FB98B,JTRES
44B4399F,SBIA
4565183D,ISQED
456FCE15,COOP
457DC158,CIC
45848F1A,UIST
458DD1E0,ICIG
45F753AE,HASE
462CCB7F,IPCC
4659CB2E,ICCMS
46D08960,CALCO
46F3DAAB,ISECS
47077118,SCIS
471D9198,ICPRAM
474B9420,AMR
479FE96A,CNS
47B178E5,ISAS
42DF60D9,MTSR
431CE69C,ISCIS
43727C0E,ICANNGA
438DC8E7,ICFEM
43904F00,WSCG
449C9FDE,ICEBE
452A24F2,MobiSec
453E8A20,ICFIE
454FB0B7,FSEN
45B94082,QUATIC
45DA1F87,FCCM
4609C01C,MCPR
465A87B2,ECSA
467CEB8F,SIN
468CE928,XIME-P
4690296A,TABLEAUX
476E205F,TGC
47765112,CASES
47B0EBDD,GCE
47CC151A,IWPSE
47CD5392,ICADL
4398864E,CAiSE
43B0793E,SRDS
43B11EF5,SKG
43B86C1D,CITA
43E26252,ISVLSI
43FD776C,SIGIR
442F440A,PSIVT
4479EF94,TFP
447B8E60,HPCC
448AC690,CIVR
44FBA995,MABS
452560D7,VSTTE
454E0ED5,APCHI
45B351F5,REFSQ
45DA765E,EUROBOT
45E116C3,AIED
45FAE21C,SwSTE
463BD859,PAKDD
46B6BD2F,MIPRO
46FC8289,FDL
4706D6FC,RA
4777163F,PDCS
47A9B8FE,ICGT
8519957F,iCBBE
42C0465A,SEAL
42C04CB3,VISIGRAPP
43563C32,SEMCCO
43CF4565,CLOUD
43DA00C9,DNIS
43FD084C,ICAIL
441458FA,CARE
44616FF1,PPoPP
447B80D7,ASWEC
4499A295,MICRO
449CDF39,CSSE
44BC5EE8,MUE
455B6732,S&P
4574F859,AMSTA
45ADA753,InfoSecCD
45C96A92,NGITS
45D87245,SASP
45F233EC,SPLASH
4650D622,AMT
4664FD6F,CASoN
466DD17F,WETICE
47050C03,PETRA
4718BF06,CPM
4743F3A5,WoLLIC
4773F002,CDC
478D1F3B,EGSR
42B9FC1C,SAB
42C62517,CIT
42CF1BB8,CIARP
43DCE876,SenSys
443AAA9F,ExaCt
443C9649,VECIMS
4484A15D,PEPM
44B16F02,EuroCG
44B79239,MTAGS
45986FDA,AHS
459A9715,AST
46580135,TPDL
46706268,INTETAIN
4672F3B6,MASS
46E57E89,VISSOFT
46F34EFB,EUROCON
471F93FA,CIAC
4772219F,CIDM
47A83BFE,IWINAC
47B51FBD,ECRTS
42D58280,RAW
4306948C,SIGCSE
43570143,TAP
439B9AD2,ICIC
43B17EAF,PDP
43C320E5,ESOP
43D1DCC1,ANCS
43DFAE0A,OOPSLA
447CF406,ECIS
44AECA52,CSA
453F3F1D,IPSN
453FBF5D,VAST
4554E150,GCC
45F99F55,ICITS
462744F4,VTC
46505CF0,ICSIPA
465DCDBA,COMAD
466F15E7,SAGT
46E1AB3B,FCT
472461FB,DSOM
47260F7B,PervasiveHealth
4765E125,LANOMS
4797C437,ECEG
47B42F95,WOSP
47C77B94,CBMI
8516B55A,EMBC
4361BD82,WICSA
437E7D49,IWPT
43AEF2F9,Pervasive
441CE122,SDM
44B7D8B2,IRI
44C5464F,BIBE
4527DE98,ICARA
457C90F5,WCE
457CED2E,Edutainment
45A9AA34,PASCO
45B09C45,ICER
461C83ED,SEAA
465EFAEC,MUM
466F7BE2,NMR
46AB47BD,CSIE
46E64AD9,NCA
470B05DE,ICCSA
4783F0C2,PROMAS
478794CB,WI
47CB8578,SCOPES
42D4CF15,ICTAC
436312EA,RCIS
437CD902,TKE
43805E25,HERCMA
43B385AB,WINSYS
43E5D455,ALGOSENSORS
44087830,GPC
447AFBD7,AAA-IDEA
4492F51B,ICSEng
44B13001,SIGCOMM
44C084AC,JCKBSE
44D4200D,UIC
44D951AC,PIMRC
45A0DDC1,ICARCV
45A87C40,WFLP
45CC165B,LICS
45D8562E,AMCIS
45FD9DD4,PRICAI
462FCD74,MLDM
46C28EA3,SISAP
46D869D6,EACL
4742B309,TLDI
4744249D,SOFSEM
42DD43AB,CogART
430D9705,ISSTA
4384C1D1,WALCOM
43AFEC4B,EDOC
43E2179B,SEA
447BF857,BCI
44C16141,CRYPTO
4511E94A,PGM
453B1861,FOCI
45563B9A,WCNC
45E37591,CAMAD
461877A8,NCTA
4651456C,CCGRID
4677BC9C,ESTIMedia
46908B16,CARDIS
469324BE,IWSEC
46A355BA,OSDI
46EF45E9,AUS-AI
471752F4,ISCAS
472C6E2D,CIKM
473B0162,CSCW
42D98AA6,GPCE
4315A0BB,ReCoSoC
4373D98F,NAS
4390334E,VLDB
43A09DE3,IPOM
443A5863,ISMIR
44BF411D,ICEE
450CC8B5,SBRN
45266923,ACHI
4556024C,Euro-Par
45BC9F29,SIIT
45CC942C,GSN
45ED3638,FORTE
462E0862,ICGEC
465EF934,MASCOTS
469DDC30,SAM
46B774B0,CATA
46CC45CE,ACRI
470DE66B,TRIDENTCOM
47167ADC,EMNLP
4742F3EA,QuantumComm
47A8116F,MoMM
4332078E,PLDI
435F0460,ICETC
43939626,MOBILWARE
439F2D27,PCS
43C2327D,DFRWS
43F3EBCF,PG
43F5AF1B,WKDD
442F3062,WWV
4488779E,SEDE
44913AA3,WSE
4493E2DA,TMFCS
44A68539,ICEIS
44E63CB6,EuroSSC
44F27AEF,ISBRA
44F7308E,K4HelP
45616195,PACIS
4579BE85,SLE
4585ADCE,SBAC-PAD
45ECD72D,ENASE
460F9D66,ASSETS
464237F2,DALT
466797C4,CollaborateCom
46E9951F,LADC
4788C323,SOFTVIS
433DEF3A,ICCAD
434386A1,UTP
435FBD28,FPT
4399020E,ICSC
43C21165,LACL
44076982,MCO
44486FB2,CSMR
44554111,EUROCAST
44684398,DMO
4532399F,ICSM
45478760,IPTC
45548029,ISEC
457AC1B6,MODELSWARD
458DD604,INLG
45A88363,AAMAS
45EF7C45,ISSE
45F09162,EuroSys
4603CA00,APCCM
4613D662,ISVC
467CB781,PROMISE
469683B8,PATMOS
46DAB993,ACL
46F7C53A,SPLC
47175205,MSWiM
4761B1FF,ASWC
8623C823,MMSys
43750ABA,WCRE
43A1990D,APSEC
43EE3DE7,WSKS
441D2B85,ICSDM
444A182D,CONCUR
449D19CC,MobiHoc
450351F9,Haskell
450989A3,KMIS
4556567A,DLT
46444A28,IWAAL
466E8FD2,AICT
469ADBD6,RO-MAN
473225DB,CPA
4756FC72,PDSW
476951FF,APPT
479D1E74,CCCG
47B7ABEF,AICCSA
42BC7E41,ICCTA
42D3DE40,BNAIC
42FD7C2C,DBISP2P
43359BCB,TAMODIA
4341ED82,NLDB
4346E145,KDIR
435020A4,MICCAI
43613D12,SCCG
436B0257,IMCSIT
446CDE43,CNSM
44865A7C,WACV
448C641E,EuroIMSA
4499F545,MTV
449E1173,IVA
450942AC,TYPES
4519AD8F,MPC
4565F956,DIMEA
457F1F48,CSL
45B4FD1D,GeoInfo
45F0406D,AB
460AA0EE,ICETE
462601A7,ICAISC
46CB4466,ITNG
476510B9,IOLTS
47C2769F,ICTD
42F87EE3,ASMTA
432E26DB,CHES
43319730,SimuTools
433BF259,DaWaK
434C5E01,ITA
43765ED4,ACISP
44359895,CAIP
44412635,XSym
44B7DAB8,ECKM
451C2F65,ICTCS
451FFB54,TMRA
4524B15F,POPL
4539C0B4,ICFHR
4572EEB5,SWAT4LS
46142C30,ISAAC
462A34B5,ICALT
46405877,GRID
464FF5AC,BioMED
46576033,ICE-B
465B502B,ECSCW
46600F2A,EPIA
469D149A,DASFAA
46C53EEB,DBTA
47838FAB,CCECE
47BD7764,GECON
430A5A1A,PPPJ
43263CA3,ECMR
433F90DB,IPMU
438FF714,LATIN
43CF060B,WIRN
4404B5BB,DoCEIS
442C7448,IDAACS
4458CAA8,WCET
44689F98,Inscrypt
447034A1,VSMM
448B966A,WADS
44CD2E44,CSO
4530AFC7,EISWT
45AAD458,EUMAS
45DB9FB6,IJCBS
45F6A80D,SCN
464F6958,SEC
465670BF,DELTA
4657D5DF,SoCPaR
4678AD74,ICIAR
46C5ADCD,SIMPAR
470CB4A0,CSC
47405592,ACSAC
86292C1A,MITA
42ECFC7D,JSSPP
434443DC,DBSocial
437CDDA1,HLDVT
437FE08B,CompSysTech
43B576F5,KiVS
43D159ED,PAM
43E27A26,HPCS
43F82A34,ICSAP
43F9E08E,IJCNN
440BE04C,WCNIS
44233F91,COMPSAC
4454EDDD,TrustBus
44612919,MSE
4484AC0E,ACG
449AF10A,ISCID
44A907AC,AusDM
44E8D4B3,SSDBM
45238EAA,DCOSS
45BD7739,CSB
45FB3662,ASPLOS
46155D1D,IH
461BAEE3,IJCAR
462A683B,ECOOP
46453CB4,PARELEC
46BD2B41,IPTComm
46DA87CC,ARC
47241879,TLCA
4734C321,POST
47787FB4,PAISI
479426BE,COMMA
47977D8C,ICLP
47A15BDB,MEMOCODE
47B4EE41,CHIMIT
42E3CB36,WPNC
42FD31AF,LoCA
43282CD8,IJCNLP
43319DD4,NIPS
436EE6FE,ISCA
437C7B15,DS
4397F0B8,MDM
440F51B1,HPDC
4413E269,EuroGP
444DCF49,VALUETOOLS
4457D26B,PERSUASIVE
44A6E67D,PADS
44EDD7DB,MOL
44F1AB80,ICNP
44F65719,VNC
45563292,VRCAI
45563EAC,FQAS
4566232D,SIGGRAPH
4567204E,ANNPR
45A1082E,MMEDIA
4603A79F,ACCV
4651E4FA,VISAPP
46549128,APNOMS
46807285,ICSNC
46D67E9C,SSIAI
46E0467E,CW
470D0FF8,LION
4799A10B,IDA
47C279F3,ECOWS
42BBC5C1,WABI
42EA3E23,BICA
4300CAC5,VTS
43BA2D06,PReMI
4401057D,WASA
4408CAFE,ICAS
441B060E,BPSC
444CACB9,VLSID
44B989E6,ICORES
44D9FF9E,VDAT
44EC53EC,DSDE
44F1E491,NOMS
45878F67,ASE
45AAAE95,OZCHI
45CC6C98,PLPV
45CEC493,SOSP
45F5DF42,AWIC
46462C3E,CNSR
4659102E,ICOST
467F57A2,AIRS
46B1CCD7,ITI
46C99331,FASE
470F8BDC,DBPL
47987D60,Ada-Europe
43277916,CIA
43AAC778,HPSR
43B6A1AD,CCNC
43DB3338,IEA/AIE
43E93603,ICPW
43F6AF91,ICOIN
4440ADC2,ICT
44CF71D4,TMA
44FC6FEB,IZS
451C38EE,SPAA
4552E25A,ICEEI
45F4651A,CISIM
460452E7,ISORC
461D4FC0,OSS
462F772C,SPIRE
46321245,PSATS
4686FE52,QDB
46CA67CE,JURIX
46D629DC,SocInfo
4748E8C5,ICMS
4763D7B8,SERENE
478E195D,APBC
42BD0758,EuroPKI
439224DC,MCDM
43C08A77,ICS
4402B9E5,Mobility
443880FD,AIML
4439490E,NordiCHI
444C7E0A,DMS
446A89CA,CLADE
44C0A1A4,IC3
44FA759F,AUIC
45A2B36F,ICCA
45ABA571,WICON
45CC99B7,EASSS
45CD6C58,NGMAST
45F650F9,SEKE
46347866,SIGITE
467F497B,ISWCS
46A7A69E,ICISP
46C87E64,ECTA
46C9E7AF,ACIVS
46D5DA24,HotNets
473FBE8B,BIODEVICES
478C2346,TCS
8620CA64,MMIT
43331058,INTERACT
435EE3DA,SecureComm
4385AB9B,ICESS
43A32784,IIH-MSP
43A4E7DF,ENC
43A8F3E1,IWQoS
43B0EC38,ICICS
43DF0F6B,ICMLA
441DE433,FSR
44406FED,SAT
4458E6AE,ISUVR
4459102E,PCM
44AAE75B,NetCoM
44F7486F,DILS
4514C69B,SIES
452527AF,ISMVL
452D6964,IMC
454034E3,LISA
456A8673,IMS
456CDDD6,ISPD
465D33C1,ECIR
46950273,SNPD
46BF2DF2,NTMS
46D4C980,GRAPHITE
4762CAF8,ISIT
4766A14B,AmI
47C1A70D,AISC